-- MySQL Script generated by MySQL Workbench
-- Mon May 30 15:23:41 2022
-- Model: New Model    Version: 1.0
-- MySQL Workbench Forward Engineering

SET @OLD_UNIQUE_CHECKS=@@UNIQUE_CHECKS, UNIQUE_CHECKS=0;
SET @OLD_FOREIGN_KEY_CHECKS=@@FOREIGN_KEY_CHECKS, FOREIGN_KEY_CHECKS=0;
SET @OLD_SQL_MODE=@@SQL_MODE, SQL_MODE='ONLY_FULL_GROUP_BY,STRICT_TRANS_TABLES,NO_ZERO_IN_DATE,NO_ZERO_DATE,ERROR_FOR_DIVISION_BY_ZERO,NO_ENGINE_SUBSTITUTION';

-- -----------------------------------------------------
CREATE SCHEMA IF NOT EXISTS `tulugar` DEFAULT CHARACTER SET utf8mb4;
USE `tulugar` ;

-- -----------------------------------------------------
-- Table `tulugar`.`users`
-- -----------------------------------------------------
CREATE TABLE IF NOT EXISTS `tulugar`.`users` (
  `id` INT UNSIGNED NOT NULL AUTO_INCREMENT,
  `username` VARCHAR(12) NOT NULL,
  `email` VARCHAR(255) NOT NULL,
  `password` CHAR(60) NOT NULL,
  `type` VARCHAR(14) NULL,
  `avatar` VARCHAR(255) NOT NULL DEFAULT 'default.jpg',
  `created_at` TIMESTAMP NOT NULL DEFAULT CURRENT_TIMESTAMP,
  `updated_at` TIMESTAMP NULL,
  UNIQUE INDEX `uidx_users_email` (`email` ASC) VISIBLE,
  UNIQUE INDEX `uidx_users_username` (`username` ASC) VISIBLE,
  PRIMARY KEY (`id`))
ENGINE = InnoDB;

LOCK TABLES `users` WRITE;
INSERT INTO `users` VALUES (1,'calamardo','calamardo@gmail.com','$2a$10$HH0UqXL.uA6NEuL9s4iTMuaiz5mJbm7gbUaZwmT.zhdB.0qvcmoye','Anfitrion','1653249697643-calamardo.jpg','2022-06-15 21:33:45','2022-06-15 21:33:45'),(2,'yodita','yoditaConFernet@hotmail.com','$2a$10$XUKWF26cpFxygH7S3OmxN.aq7H6UIhUCpoShGdUiOfTuSwfD9IeDu','Anfitrion','1653232386548-jodaConFenert.jpg','2022-06-15 21:33:45','2022-06-15 21:33:45'),(3,'Chuwe','chuew@hotmail.com','$2a$10$BvXK3JEAf9Mgk88G0Id9wObm3h1D3/UfveqFPHERDdQ4Rz1lEZFm.','Huesped','1653235578563-chuwe.webp','2022-06-15 21:33:45','2022-06-15 21:33:45'),(4,'tyron','tyron@gmail.com','$2a$10$VIJ1L8TQUztoxP14erWKQeMANth.7yO5rVuC4dkolGozhfCPExl0C','Anfitrion','1653236172369-tyron.jpg','2022-06-15 21:33:45','2022-06-15 21:33:45'),(5,'sheldon','sheldon@gmail.com','$2a$10$LPT8EMRsMWQyqxR2lcXt3.uB0WuR98QNdeJuK2eHE208y/8atpZ2W','Huesped','1653249078545-sheldon.jpg','2022-06-15 21:33:45','2022-06-15 21:33:45'),(6,'juannieves','juan@gmail.com','$2a$10$1GxmLSg..sDmtvjGqQWqluUWcqZxlymlersWnGeN76tMbkUCK2Zie','Anfitrion','1653445729464-js.webp','2022-06-15 21:33:45','2022-06-15 21:33:45'),(7,'pepegrillo','pepegrillo@gmail.com','$2a$10$1/EWfavZ8CewUb2T2GxaneU0oOgmegD1L8.JWwbTScHahNAm9MRSG','Huesped','1653447866826-pepegrillo.jpg','2022-06-15 21:33:45','2022-06-15 21:33:45'),(8,'Erlich','Erlich@gmail.com','$2a$10$AMY7lzD.YIBop55dulfOrecR7qtpR55jqMzsbp5lTD5G9uk7nZBvS','Anfitrion','1653492233971-Erlich.jpg','2022-06-15 21:33:45','2022-06-15 21:33:45'),(9,'vero','vero@gmail.com','$2a$10$1A.z7XbzYp42pDRimtUV5u17qHO8jDSTJa7I60WFSIMSrYZObzqa.','Anfitrion','1656808119808-fotoVero.png','2022-07-03 00:28:40','2022-07-03 00:28:40'),(10,'Antonio','antonio.88@hotmail.com','$2a$10$zd.bSDkw2Iosn0URua4fd.sESYHR1Tukk.mcfMv51j3WyngVbvshS','Huesped','1657196239207-man-with-arms-crossed.jpg','2022-07-07 12:17:19','2022-07-07 12:17:19'),(11,'Oscar','oscarIsaac@gmail.com','$2a$10$ywHOhUL3hbjipgbf/YEukOErwRKqswQiB1.fSsQvkTFU68Mak0xji','Anfitrion','1657196803994-oscar-isaac-2639531.webp','2022-07-07 12:26:44','2022-07-07 12:26:44'),(12,'LisaK','lisak@hotmail.com','$2a$10$7GnH6U6ps6XSRHisvA93YurKJN1iM2bcHLEnGr9yJHdVNXkuO6sDW','Anfitrion','1657235589582-R454PZRW35LQVFVBOS7XFJNYGM.jpg','2022-07-07 23:13:09','2022-07-07 23:13:09'),(13,'Berni','berni@gmail.com','$2a$10$Jm5hdLDVN2Ze2GNj.tLdLOtqRR/QCh5KEUIUwnJ05E3VLJPOfh63u','Huesped','1657236666046-R454PZRW35LQVFVBOS7XFJNYGM.jpg','2022-07-07 23:31:06','2022-07-07 23:31:06'),(14,'Deep','Profundo@gmail.com','$2a$10$s1LOK90xOLXeHx5dPakLoOzpJog9zUR../BzVn58rqHEo7Kx1U8w6','Anfitrion','1657236796555-image3-6.webp','2022-07-07 23:33:16','2022-07-07 23:33:16'),(15,'PMaker','PMaker@hotmail.com','$2a$10$4URDh4K8twBOfG2WLF5EQuZ3rgC/3gbF6rGnXlVfEiiZI9iRniOBa','Anfitrion','1657237597056-R454PZRW35LQVFVBOS7XFJNYGM.jpg','2022-07-07 23:46:37','2022-07-07 23:46:37'),(16,'Minion','Minion@hotmail.com','$2a$10$ofhZ30Mjay7qr1knZNm8yeYBsj4oH4XkL2opsLYdNsLzOMfmJ.5YS','Huesped','1658406216062-103e9c2a8984ed61c71f6f5a10331c7a.jpg','2022-07-21 12:23:36','2022-07-21 12:23:36'),(17,'BurroShrek','burro@hotmail.com','$2a$10$jSqdyg3DR8lrwgA.LKUVWu5nrI8OLHTYSqydMIZK.NgcgsVEgAFOO','Huesped','1658406347466-103e9c2a8984ed61c71f6f5a10331c7a.jpg','2022-07-21 12:25:47','2022-07-21 12:25:47'),(18,'kingpin','wilsonFisk@gmail.com','$2a$10$SYzFS1m8BMVjyrBvU13M.OvCu7EIe4SDXQg1.NJmo8nBNLxQh8GNa','Huesped','1658406566113-103e9c2a8984ed61c71f6f5a10331c7a.jpg','2022-07-21 12:29:26','2022-07-21 12:29:26');
UNLOCK TABLES;


-- -----------------------------------------------------
-- Table `tulugar`.`products`
-- -----------------------------------------------------
CREATE TABLE IF NOT EXISTS `tulugar`.`products` (
  `id` INT UNSIGNED NOT NULL AUTO_INCREMENT,
  `user_id` INT UNSIGNED NOT NULL,
  `max_guests` TINYINT UNSIGNED NULL,
  `price` INT UNSIGNED NOT NULL,
  `description` TEXT NULL,
  `province` VARCHAR(45) NULL,
  `city` VARCHAR(100) NULL,
  `address` VARCHAR(255) NULL,
  `type` VARCHAR(45) NULL,
  `created_at` TIMESTAMP NOT NULL,
  `updated_at` TIMESTAMP NULL,
  `deleted_at` TIMESTAMP NULL,
  PRIMARY KEY (`id`),
  CONSTRAINT `fk_products_uid`
    FOREIGN KEY (`user_id`)
    REFERENCES `tulugar`.`users` (`id`)
    ON DELETE NO ACTION
    ON UPDATE NO ACTION)
ENGINE = InnoDB;

LOCK TABLES `products` WRITE;
INSERT INTO `products` VALUES (1,1,5,23200,'Una casita de campo minimalista, moderna, aislada del ruido de la ciudad. Ideal para disfrutar un fin de semana en familia de tranquilidad en la naturaleza.','Entre Ríos','Victoria','Las Caleras','Casa','2022-07-03 00:31:27','2022-07-03 00:31:27',NULL),(2,2,2,35000,'RODEADO DE NATURALEZA, EN CAN CLOTAS ENCONTRARÁ LA MÁS EXCLUSIVA EXPERIENCIA DE CAMPO EN EL ALT EMPORDÀ - GIRONA . PUEDE ELEGIR ENTRE ALOJARSE EN UNA HABITACIÓN DE LA MASÍA-HOTEL O EN UNA CASA INDEPENDIENTE CON UN JARDÍN PRIVADO.','Misiones','Puerto Iguazú ','Can Clotas','Habitación','2022-07-03 00:31:27','2022-07-03 00:31:27',NULL),(3,3,4,27500,'Este apartamento cuenta con aire acondicionado, 2 dormitorios, TV de pantalla plana y cocina con nevera y horno. Se proporcionan toallas y ropa de cama.','Río Negro','San Carlos de Bariloche','Aguila Mora Suites & Spa','Departamento','2022-07-03 00:31:27','2022-07-03 00:31:27',NULL),(4,4,6,20850,'Cabañas Chesa Engadina se sitúa en San Carlos de Bariloche. Ofrece wi-fi gratis en zonas comunes, estacionamiento gratis y recepción 24 hrs, además de jardín.Los huéspedes podrán cocinar en la comodidad de su alojamiento, en su asador.Entre las comodidades se destacan seguridad 24 hrs, toallas, sábanas y recepción con horario limitado. Los huéspedes también podrán disfrutar de calefacción en zonas comunes. Por un cargo, la propiedad cuenta con servicio de lavandería.','Río Negro','Bariloche','Cabañas Chesa Engadina','Cabaña','2022-07-03 00:31:27','2022-07-03 00:31:27',NULL),(5,5,2,17650,'Contará con departamentos de 1 dormitorio con más de 60 m2 propios, departamentos de 2 y 3 dormitorios con más de 100 m2 propios, cumpliendo así con la misión de nuestra empresa: elevar el nivel y la calidad de la oferta desarrollista en la región. Puerta del Sol 3 es una prueba fehaciente de la calidad en materiales, técnicas de construcción y la gratificación demostrada por sus propietarios en sus antecesores Altos de Belgrano y Puerta del Sol 1 y 2.','Buenos Aires','Río Cuarto','Puerta del Sol 3','Habitación','2022-07-03 00:31:27','2022-07-03 00:31:27',NULL),(6,6,2,12500,'Valle Grande Hotel de Montaña está localizado en San Rafael. Dispone de piscina al aire libre de temporada, wi-fi gratis en zonas comunes y servicio de spa, además de sauna.\r\n\r\nNecesitas saber:\r\n• Accesible para personas con movilidad reducida\r\n• Menú apto para celíacos\r\n• Mascotas: no se admiten\r\n\r\nEl alojamiento sirve diariamente el desayuno, el cual se ofrece en el restaurante. También dispone de bar. Los huéspedes podrán cocinar en la comodidad de su alojamiento, en su asador.\r\n\r\nEntre las comodidades se destacan servicio de masajes, estacionamiento gratis, cancha de fútbol y cancha polideportiva. Los huéspedes también podrán disfrutar de recepción 24 hrs y piscina infantil. Por un suplemento, la propiedad cuenta con servicio de lavandería.','Mendoza','San Rafael','Valle Grande Hotel de Montaña Ruta 173, KM 35 ','Habitación','2022-07-03 00:31:27','2022-07-03 00:31:27',NULL),(7,9,2,12000,'Hotel Spa Termas De Reyes está localizado en San Salvador de Jujuy. Ofrece piscina al aire libre todo el año, wi-fi gratis en zonas comunes y bañera / tina de hidromasaje, además de servicio de spa.\r\n\r\nNecesitas saber:\r\n• Accesible para personas con movilidad reducida\r\n• Mascotas: no se admiten\r\n\r\nEl alojamiento sirve diariamente el desayuno, el cual se ofrece en el restaurante. También dispone de bar. El personal de la propiedad proporcionará servicio a la habitación.\r\n\r\nEntre las comodidades se destacan sauna, servicio de masajes, estacionamiento gratis y salón de juegos. Los huéspedes también podrán disfrutar de gimnasio y recepción 24 hrs. Por un suplemento, la propiedad cuenta con servicio de lavandería.',' Jujuy','San Salvador de Jujuy','Ruta Provincial Nro. 4 KM 9, Termas de Reyes ','Habitación','2022-07-03 01:28:29','2022-07-03 01:28:29',NULL),(8,9,0,0,'',NULL,NULL,'',NULL,'2022-07-03 22:25:58','2022-07-03 22:25:58','2022-07-03 22:26:54'),(9,9,0,0,'',NULL,NULL,'',NULL,'2022-07-03 22:48:06','2022-07-03 22:48:06','2022-07-03 22:48:24'),(10,11,10,19500,'La Quinta en Pilar se encuentra en Del Viso y ofrece alojamiento con piscina privada, patio y vistas a la piscina. \r\nEste agroturismo cuenta con reproductor de DVD, cocina con microondas, nevera y horno, sala de estar con zona de estar y zona de comedor, 4 dormitorios y 3 baños con bañera y bañera de hidromasaje. Hay TV de pantalla plana por cable.\r\nEl establecimiento cuenta con zona de barbacoa, jardín, piscina al aire libre y zona de salón.','Buenos Aires','pilar','3370 Las Calendulas, 1669 Del Viso, Argentina','Quinta','2022-07-07 12:39:09','2022-07-07 12:39:09',NULL),(11,12,15,2200,'Hostal Casa de Barro ofrece todos los días el desayuno con costo adicional. Los huéspedes podrán cocinar en la comodidad de su alojamiento, en su cocina compartida y asador disponible.',' Jujuy','San Salvador de Jujuy','OTERO 294, Barrio Centro, Argentina ','Hostel','2022-07-07 23:22:16','2022-07-07 23:22:16',NULL),(12,12,3,23600,'Con servicio de traslado gratuito al centro de El Calafate, situado a 3.5 km, el Xelena Hotel & Suites dispone de piscina climatizada in out con vista al Lago y desayuno buffet.','Santa Cruz','El Calafate','René Favaloro 3548, Argentina ','Hotel','2022-07-07 23:28:29','2022-07-07 23:28:29',NULL),(13,14,2,33450,'Howard Johnson Resort Spa está localizado en Merlo. Dispone de piscina climatizada, wi-fi gratis en zonas comunes y bañera / tina de hidromasaje, además de servicio de spa. ','San Luis','Merlo','Ruta Provincial 1, 5881 Merlo, San Luis, Argentina, Argentina ','Habitación','2022-07-07 23:38:10','2022-07-07 23:38:10',NULL),(14,14,12,14560,'El Tucumán Center Hotel Suites & Business se encuentra en San Miguel de Tucumán y dispone de piscina al aire libre y Wi-Fi gratuito.','Tucumán','San Miguel De Tucuman','25 de Mayo 230, Centro histórico, Argentina ','Hotel','2022-07-07 23:44:07','2022-07-07 23:44:07',NULL),(15,15,11,3000,'De Paso Hostel dispone de wi-fi gratis en zonas comunes, salón de juegos, recepción de paquetes gratis, jardín, desayuno, tv en zonas comunes, toallas, sábanas y aire acondicionado. ','Neuquén','Neuquen','Sargento Cabral 975, 8300 Neuquén, Argentina ','Hostel','2022-07-07 23:52:16','2022-07-07 23:52:16',NULL),(16,15,2,19800,'Huinid Obelisco Hotel se sitúa en Buenos Aires. Dispone de wi-fi gratis en zonas comunes, bañera / tina de hidromasaje y gimnasio, así como recepción 24 hrs\r\n','Ciudad Autónoma de Buenos Aires','Ciudad De Buenos Aires','Calle Sarmiento 1431. A 457 m del centro ','Habitación','2022-07-07 23:57:58','2022-07-07 23:57:58',NULL),(17,15,2,23500,'Ubicado en Puerto Iguazú, el Iguazu Grand Resort Spa & Casino incluye recepción 24h trilingüe y Wi-Fi gratis.','Misiones','Puerto Iguazu','Puerto Iguazú, Argentina. A 855 m del centro ','Habitación','2022-07-08 00:05:08','2022-07-08 00:05:08',NULL);
UNLOCK TABLES;


-- -----------------------------------------------------
-- Table `tulugar`.`amenities`
-- -----------------------------------------------------
CREATE TABLE IF NOT EXISTS `tulugar`.`amenities` (
  `product_id` INT UNSIGNED NOT NULL,
  `wifi` TINYINT UNSIGNED NOT NULL DEFAULT 0,
  `room_service` TINYINT UNSIGNED NOT NULL DEFAULT 0,
  `breakfast` TINYINT UNSIGNED NOT NULL DEFAULT 0,
  `pets` TINYINT UNSIGNED NOT NULL DEFAULT 0,
  `garage` TINYINT UNSIGNED NOT NULL DEFAULT 0,
  `linens` TINYINT UNSIGNED NOT NULL DEFAULT 0,
  `heating` TINYINT UNSIGNED NOT NULL DEFAULT 0,
  `air_conditioning` TINYINT UNSIGNED NOT NULL DEFAULT 0,
  `pool` TINYINT UNSIGNED NOT NULL DEFAULT 0,
  `grill` TINYINT UNSIGNED NOT NULL DEFAULT 0,
  `updated_at` TIMESTAMP NULL,
  PRIMARY KEY (`product_id`),
  UNIQUE INDEX `uidx_amenities_pid` (`product_id` ASC) VISIBLE,
  CONSTRAINT `fk_amenities_pid`
    FOREIGN KEY (`product_id`)
    REFERENCES `tulugar`.`products` (`id`)
    ON DELETE NO ACTION
    ON UPDATE CASCADE)
ENGINE = InnoDB;

LOCK TABLES `amenities` WRITE;
INSERT INTO `amenities` VALUES (1,1,0,0,1,0,1,1,1,0,1,'2022-07-03 00:31:27'),(2,1,0,0,1,0,1,1,1,0,1,'2022-07-03 00:31:27'),(3,1,0,0,1,0,1,1,1,0,1,'2022-07-03 00:31:27'),(4,1,0,0,1,0,1,1,1,0,1,'2022-07-03 00:31:27'),(5,1,0,0,1,0,1,1,1,0,1,'2022-07-03 00:31:27'),(6,1,1,1,0,0,1,1,1,1,0,'2022-07-03 00:31:27'),(7,1,1,1,0,1,1,1,1,1,0,'2022-07-03 01:28:29'),(8,0,0,0,0,0,0,0,0,0,0,'2022-07-03 22:25:58'),(9,0,0,0,0,0,0,0,0,0,0,'2022-07-03 22:48:06'),(10,1,0,0,1,1,1,1,1,1,1,'2022-07-07 12:39:09'),(11,1,0,1,0,0,1,0,0,0,1,'2022-07-07 23:22:16'),(12,1,1,1,0,1,1,0,1,1,0,'2022-07-07 23:28:29'),(13,1,1,1,0,1,1,1,1,1,0,'2022-07-07 23:38:10'),(14,1,1,1,0,1,1,1,1,1,0,'2022-07-07 23:44:07'),(15,1,0,1,0,0,1,1,1,0,0,'2022-07-07 23:52:16'),(16,1,1,1,0,1,1,1,1,1,0,'2022-07-07 23:57:58'),(17,1,1,1,0,0,1,1,1,1,0,'2022-07-08 00:05:08');
UNLOCK TABLES;


-- -----------------------------------------------------
-- Table `tulugar`.`bookings`
-- -----------------------------------------------------
CREATE TABLE IF NOT EXISTS `tulugar`.`bookings` (
  `id` INT UNSIGNED NOT NULL AUTO_INCREMENT,
  `product_id` INT UNSIGNED NOT NULL,
  `user_id` INT UNSIGNED NOT NULL,
  `checkin` DATE NOT NULL,
  `checkout` DATE NOT NULL,
  `price` INT NULL,
  `status` VARCHAR(10) NULL,
  PRIMARY KEY (`id`),
  INDEX `idx_bookings_uid_pid` (`user_id`, `product_id`) VISIBLE,
  CONSTRAINT `fk_bookings_pid`
    FOREIGN KEY (`product_id`)
    REFERENCES `tulugar`.`products` (`id`)
    ON DELETE NO ACTION
    ON UPDATE NO ACTION,
  CONSTRAINT `fk_bookings_uid`
    FOREIGN KEY (`user_id`)
    REFERENCES `tulugar`.`users` (`id`)
    ON DELETE NO ACTION
    ON UPDATE NO ACTION)
ENGINE = InnoDB;


-- -----------------------------------------------------
-- Table `tulugar`.`images`
-- -----------------------------------------------------
CREATE TABLE IF NOT EXISTS `tulugar`.`images` (
  `product_id` INT UNSIGNED NOT NULL,
  `image1` VARCHAR(255) NULL DEFAULT 'default.jpg',
  `image2` VARCHAR(255) NULL,
  `image3` VARCHAR(255) NULL,
  `image4` VARCHAR(255) NULL,
  `image5` VARCHAR(255) NULL,
  `image6` VARCHAR(255) NULL,
  `updated_at` TIMESTAMP NULL,
  PRIMARY KEY (`product_id`),
  UNIQUE INDEX `uidx_images_pid` (`product_id` ASC) VISIBLE,
  CONSTRAINT `fk_images_pid`
    FOREIGN KEY (`product_id`)
    REFERENCES `tulugar`.`products` (`id`)
    ON DELETE NO ACTION
    ON UPDATE CASCADE)
ENGINE = InnoDB;

LOCK TABLES `images` WRITE;
INSERT INTO `images` VALUES (1,'1652738134776-1.webp','1652738134779-2.webp','1652738134780-3.webp','1652738134782-4.webp','1652738134783-5.webp','1652738134785-6.webp','2022-07-03 00:31:27'),(2,'img0.JPG','img1.JPG','img2.JPG','img5.webp','img6.webp','img7.webp','2022-07-03 00:31:27'),(3,'img12.webp','img13.webp','img14.webp','img15.webp','img16.webp','img17.webp','2022-07-03 00:31:27'),(4,'img10.webp','img9.webp','img19.webp','img20.webp','img4.webp','img8.webp','2022-07-03 00:31:27'),(5,'img25.webp','img22.webp','img23.webp','img26.webp','img29.webp','img28.webp','2022-07-03 00:31:27'),(6,'1653495706380-img35.webp','1653495706386-img34.webp','1653495706387-img33.webp','1653495706390-img32.webp','1653495706397-img31.webp','1653495706399-img30.webp','2022-07-03 00:31:27'),(7,'1656811709577-1120x7005.webp','1656811709584-1120x7004.webp','1656811709586-1120x7003.webp','1656811709587-1120x7002.webp','1656811709590-1120x7001.webp','1656811709591-1120x700.webp','2022-07-03 01:28:29'),(8,'default.jpg',NULL,NULL,NULL,NULL,NULL,'2022-07-03 22:25:58'),(9,'default.jpg',NULL,NULL,NULL,NULL,NULL,'2022-07-03 22:48:06'),(10,'1657197549187-126819452.jpg','1657197549189-126819447.jpg','1657197549191-126819465.jpg','1657197549193-208190395.jpg','1657197549195-126819454.jpg','1657197549198-205540982.jpg','2022-07-07 12:39:09'),(11,'1657236136004-1120x700.webp','1657236136006-1120x7002.webp','1657236136008-1120x7003.webp','1657236136009-1120x7004.webp','1657236136010-1120x7005.webp','1657236136011-1120x7006.webp','2022-07-07 23:22:16'),(12,'1657236509535-1120x700.webp','1657236509538-1120x7002.webp','1657236509539-1120x7003.webp','1657236509541-1120x7004.webp','1657236509542-1120x7005.webp','1657236509543-1120x7006.webp','2022-07-07 23:28:29'),(13,'1657237090683-1120x700.webp','1657237090684-1120x7002.webp','1657237090686-1120x7003.webp','1657237090687-1120x7004.webp','1657237090689-1120x7005.webp','1657237090690-1120x7006.webp','2022-07-07 23:38:10'),(14,'1657237447301-1120x700.webp','1657237447302-1120x7003.webp','1657237447304-1120x7002.webp','1657237447305-1120x7004.webp','1657237447306-1120x7005.webp','1657237447336-1120x7006.webp','2022-07-07 23:44:07'),(15,'1657237935930-1120x700.webp','1657237935935-1120x7003.webp','1657237935935-1120x7002.webp','1657237935937-1120x7004.webp','1657237935937-1120x7005.webp','1657237935938-1120x7006.webp','2022-07-07 23:52:16'),(16,'1657238278627-1120x7006.webp','1657238278628-1120x7005.webp','1657238278630-1120x7004.webp','1657238278632-1120x7002.webp','1657238278634-1120x700.webp','1657238278635-1120x7003.webp','2022-07-07 23:57:58'),(17,'1657238708446-1120x700.webp','1657238708447-1120x7002.webp','1657238708448-1120x7003.webp','1657238708450-1120x7004.webp','1657238708451-1120x7005.webp','1657238708452-1120x7006.webp','2022-07-08 00:05:08');
UNLOCK TABLES;

-- -----------------------------------------------------
-- Table `tulugar`.`admin`
-- -----------------------------------------------------
CREATE TABLE IF NOT EXISTS `tulugar`.`admins` (
  `id` INT UNSIGNED NOT NULL AUTO_INCREMENT,
  `name` VARCHAR(45) NOT NULL,
  `password` CHAR(60) NOT NULL,
  PRIMARY KEY (`id`)
)
ENGINE=InnoDB;

LOCK TABLES `admins` WRITE;
INSERT INTO `admins` VALUES (1,'admin','123');
UNLOCK TABLES;

SET SQL_MODE=@OLD_SQL_MODE;
SET FOREIGN_KEY_CHECKS=@OLD_FOREIGN_KEY_CHECKS;
SET UNIQUE_CHECKS=@OLD_UNIQUE_CHECKS;
